Pamelina Brason,http://dummyimage.com/100x100.png/cc0000/ffffff
Laughton Foystone,http://dummyimage.com/218x100.png/cc0000/ffffff
Fanny McKeurton,http://dummyimage.com/217x100.png/5fa2dd/ffffff
Dorothea O'Gormley,http://dummyimage.com/236x100.png/ff4444/ffffff
Kermy Goodsir,http://dummyimage.com/145x100.png/5fa2dd/ffffff
Ole Nono,http://dummyimage.com/172x100.png/dddddd/000000
Karla Pettersen,http://dummyimage.com/134x100.png/cc0000/ffffff
Grace Coolican,http://dummyimage.com/249x100.png/cc0000/ffffff
Desiri Ronald,http://dummyimage.com/107x100.png/ff4444/ffffff
Zebulen Gogie,http://dummyimage.com/102x100.png/ff4444/ffffff
