Free Garvin,http://dummyimage.com/229x100.png/5fa2dd/ffffff,Free
Shepard Bulfoot,http://dummyimage.com/105x100.png/cc0000/ffffff,Shepard
Bryn Callendar,http://dummyimage.com/123x100.png/cc0000/ffffff,Bryn
Dehlia Sheara,http://dummyimage.com/133x100.png/5fa2dd/ffffff,Dehlia
Alfi Leatherbarrow,http://dummyimage.com/192x100.png/dddddd/000000,Alfi
Ailey Bohan,http://dummyimage.com/131x100.png/5fa2dd/ffffff,Ailey
Jeannette Roberts,http://dummyimage.com/188x100.png/5fa2dd/ffffff,Jeannette
Anatollo Copozio,http://dummyimage.com/111x100.png/ff4444/ffffff,Anatollo
Fulvia Brierley,http://dummyimage.com/137x100.png/cc0000/ffffff,Fulvia
Chalmers Bracci,http://dummyimage.com/118x100.png/cc0000/ffffff,Chalmers
Kata Pothergill,http://dummyimage.com/225x100.png/5fa2dd/ffffff,Kata
Arley Champley,http://dummyimage.com/155x100.png/ff4444/ffffff,Arley
Valery Really,http://dummyimage.com/173x100.png/ff4444/ffffff,Valery
Sallie Caverhill,http://dummyimage.com/148x100.png/cc0000/ffffff,Sallie
Dunc Dmitrovic,http://dummyimage.com/177x100.png/dddddd/000000,Dunc
Burton Costard,http://dummyimage.com/242x100.png/cc0000/ffffff,Burton
Keeley Swate,http://dummyimage.com/165x100.png/5fa2dd/ffffff,Keeley
Kirk Scandrick,http://dummyimage.com/198x100.png/cc0000/ffffff,Kirk
Marlow McDougal,http://dummyimage.com/179x100.png/dddddd/000000,Marlow
Tandi Naisbit,http://dummyimage.com/238x100.png/ff4444/ffffff,Tandi
Mathew Winborn,http://dummyimage.com/248x100.png/dddddd/000000,Mathew
Denver Lytell,http://dummyimage.com/121x100.png/cc0000/ffffff,Denver
Carlie Blanko,http://dummyimage.com/240x100.png/dddddd/000000,Carlie
Bobbie Crosse,http://dummyimage.com/124x100.png/cc0000/ffffff,Bobbie
Butch Pearsall,http://dummyimage.com/200x100.png/ff4444/ffffff,Butch
Giselbert Northfield,http://dummyimage.com/200x100.png/5fa2dd/ffffff,Giselbert
Blayne Keuneke,http://dummyimage.com/156x100.png/cc0000/ffffff,Blayne
Waylen Mirfield,http://dummyimage.com/114x100.png/5fa2dd/ffffff,Waylen
Wanda Muncer,http://dummyimage.com/219x100.png/dddddd/000000,Wanda
Lannie Bottelstone,http://dummyimage.com/106x100.png/cc0000/ffffff,Lannie
Cassey Bridewell,http://dummyimage.com/196x100.png/dddddd/000000,Cassey
Elsworth Dufore,http://dummyimage.com/186x100.png/ff4444/ffffff,Elsworth
Leonore Kenworthey,http://dummyimage.com/158x100.png/5fa2dd/ffffff,Leonore
Thoma Lamont,http://dummyimage.com/129x100.png/ff4444/ffffff,Thoma
Hobey Harmstone,http://dummyimage.com/128x100.png/5fa2dd/ffffff,Hobey
Roth Schwerin,http://dummyimage.com/139x100.png/cc0000/ffffff,Roth
Jayne MacAlpine,http://dummyimage.com/224x100.png/ff4444/ffffff,Jayne
Ernaline Lethardy,http://dummyimage.com/109x100.png/5fa2dd/ffffff,Ernaline
Umeko Inkles,http://dummyimage.com/178x100.png/cc0000/ffffff,Umeko
Gan Readwing,http://dummyimage.com/135x100.png/5fa2dd/ffffff,Gan
Rurik Kimmince,http://dummyimage.com/164x100.png/ff4444/ffffff,Rurik
Alberto Hallgalley,http://dummyimage.com/117x100.png/dddddd/000000,Alberto
Lilia Gilhool,http://dummyimage.com/172x100.png/dddddd/000000,Lilia
Linell Duffill,http://dummyimage.com/110x100.png/ff4444/ffffff,Linell
Winfield Lunnon,http://dummyimage.com/235x100.png/ff4444/ffffff,Winfield
Holly-anne Cometti,http://dummyimage.com/113x100.png/ff4444/ffffff,Holly-anne
Lesly Tabbernor,http://dummyimage.com/103x100.png/cc0000/ffffff,Lesly
Evelin Kelinge,http://dummyimage.com/116x100.png/dddddd/000000,Evelin
Nerti Kopf,http://dummyimage.com/192x100.png/dddddd/000000,Nerti
Barrie Blowin,http://dummyimage.com/163x100.png/5fa2dd/ffffff,Barrie
Ward Nassey,http://dummyimage.com/118x100.png/cc0000/ffffff,Ward
Vincent Mansfield,http://dummyimage.com/171x100.png/5fa2dd/ffffff,Vincent
Gordan Tackle,http://dummyimage.com/185x100.png/cc0000/ffffff,Gordan
Zita Aimer,http://dummyimage.com/194x100.png/ff4444/ffffff,Zita
Oralla Petric,http://dummyimage.com/139x100.png/cc0000/ffffff,Oralla
Lissie Wastall,http://dummyimage.com/213x100.png/ff4444/ffffff,Lissie
Verena Braim,http://dummyimage.com/165x100.png/5fa2dd/ffffff,Verena
Bambie Rosenstengel,http://dummyimage.com/105x100.png/dddddd/000000,Bambie
Kassey Eccleshall,http://dummyimage.com/247x100.png/cc0000/ffffff,Kassey
Obidiah Haycroft,http://dummyimage.com/148x100.png/ff4444/ffffff,Obidiah
Shara Piesold,http://dummyimage.com/160x100.png/5fa2dd/ffffff,Shara
Betteann Zannelli,http://dummyimage.com/213x100.png/dddddd/000000,Betteann
Merrill Bousler,http://dummyimage.com/174x100.png/cc0000/ffffff,Merrill
Susann Chichgar,http://dummyimage.com/164x100.png/ff4444/ffffff,Susann
Moishe Vuitte,http://dummyimage.com/125x100.png/cc0000/ffffff,Moishe
Hastings Calfe,http://dummyimage.com/205x100.png/ff4444/ffffff,Hastings
Daloris Bootherstone,http://dummyimage.com/200x100.png/dddddd/000000,Daloris
Letitia Roarty,http://dummyimage.com/186x100.png/dddddd/000000,Letitia
Thornie Birth,http://dummyimage.com/104x100.png/5fa2dd/ffffff,Thornie
Karlie Douse,http://dummyimage.com/147x100.png/dddddd/000000,Karlie
Gillan Kordovani,http://dummyimage.com/238x100.png/ff4444/ffffff,Gillan
Raleigh Heggadon,http://dummyimage.com/204x100.png/dddddd/000000,Raleigh
Flint Antonognoli,http://dummyimage.com/139x100.png/5fa2dd/ffffff,Flint
Ruddy Tynewell,http://dummyimage.com/244x100.png/5fa2dd/ffffff,Ruddy
Godart Morgans,http://dummyimage.com/125x100.png/dddddd/000000,Godart
Derrik Aronovich,http://dummyimage.com/106x100.png/cc0000/ffffff,Derrik
Glennis McKay,http://dummyimage.com/103x100.png/5fa2dd/ffffff,Glennis
Auria Tamblyn,http://dummyimage.com/207x100.png/dddddd/000000,Auria
Ronnica Manuaud,http://dummyimage.com/196x100.png/ff4444/ffffff,Ronnica
Mellie Pittoli,http://dummyimage.com/115x100.png/cc0000/ffffff,Mellie
Gabriel Plampin,http://dummyimage.com/220x100.png/ff4444/ffffff,Gabriel
Issie Pucknell,http://dummyimage.com/166x100.png/dddddd/000000,Issie
Frasco Corcut,http://dummyimage.com/207x100.png/5fa2dd/ffffff,Frasco
Gratiana O'Grada,http://dummyimage.com/161x100.png/5fa2dd/ffffff,Gratiana
Dosi Goman,http://dummyimage.com/193x100.png/dddddd/000000,Dosi
Thibaud Billson,http://dummyimage.com/203x100.png/ff4444/ffffff,Thibaud
Adan Clarke-Williams,http://dummyimage.com/110x100.png/ff4444/ffffff,Adan
Granthem Clash,http://dummyimage.com/211x100.png/5fa2dd/ffffff,Granthem
Klaus Cornejo,http://dummyimage.com/115x100.png/5fa2dd/ffffff,Klaus
Gram Broderick,http://dummyimage.com/152x100.png/dddddd/000000,Gram
Farleigh McKevin,http://dummyimage.com/168x100.png/5fa2dd/ffffff,Farleigh
Kellina Eagland,http://dummyimage.com/244x100.png/ff4444/ffffff,Kellina
Lincoln Putten,http://dummyimage.com/132x100.png/5fa2dd/ffffff,Lincoln
Elsa McGarvie,http://dummyimage.com/250x100.png/cc0000/ffffff,Elsa
Bay Trillow,http://dummyimage.com/205x100.png/5fa2dd/ffffff,Bay
Gauthier Vallery,http://dummyimage.com/146x100.png/ff4444/ffffff,Gauthier
Emerson Toplis,http://dummyimage.com/218x100.png/5fa2dd/ffffff,Emerson
Peter Tomini,http://dummyimage.com/155x100.png/cc0000/ffffff,Peter
Easter Cabel,http://dummyimage.com/203x100.png/dddddd/000000,Easter
Clarabelle Smallbone,http://dummyimage.com/130x100.png/5fa2dd/ffffff,Clarabelle
