Sphere,Hilll-Abbott,http://dummyimage.com/226x100.png/5fa2dd/ffffff
Christopher Strong,Boyer-Corkery,http://dummyimage.com/155x100.png/dddddd/000000
Fausto,Harvey-Becker,http://dummyimage.com/110x100.png/5fa2dd/ffffff
Zincirbozan,Fisher Inc,http://dummyimage.com/213x100.png/dddddd/000000
Cirque du Freak: The Vampire's Assistant,Koelpin-Brown,http://dummyimage.com/241x100.png/ff4444/ffffff
Open Season,Raynor-Brown,http://dummyimage.com/163x100.png/5fa2dd/ffffff
Oliver Twist,Heathcote-McDermott,http://dummyimage.com/114x100.png/ff4444/ffffff
Front of the Class,Reynolds LLC,http://dummyimage.com/241x100.png/cc0000/ffffff
Police Academy 4: Citizens on Patrol,Hermann-Mitchell,http://dummyimage.com/204x100.png/dddddd/000000
Camouflage (Barwy ochronne),Barton-Toy,http://dummyimage.com/237x100.png/5fa2dd/ffffff
